IPN,Part Number,Description,Value,Symbol,Symbol Revision,Footprint,Footprint Revision,Manufacturer,Manufacturer Part Number,Suplier URL,Manufacturer Alternative,MPN Alternative,Manufacturer Alternative 2,MPN Alternative 2,Series,Type,Inductance,Tolerance,Ir,Isat,DCR,SRF,Q,Package,Mounting Height,Core,Shielded,TempRange,Lifecycle,RoHS,Datasheet,Created By,Created On,Approved By,Approved On,Revision,Comments,Cost_1,Cost_10,Cost_100,Cost_500,Cost_1000,Cost_2500,Cost_5000
IPN_L-????,L0806_1uH_2.7A_±20%_54mOhm,FIXED IND 1UH 2.7A 54 MOHM SMD,1uH,Inductor:L,1,Inductors:L_0806_2016Metric,1,Murata Electronics,DFE201612P-1R0M=P2,https://www.digikey.es/en/products/detail/murata-electronics/DFE201612P-1R0M-P2/5247229,,,,,DFE201612P,"Drum Core, Wirewound",1 µH,±20%,2.7 A,,54mOhm Max,,,806,"0.047"" (1.20mm)",Metal,Shielded,-40°C ~ 125°C,Activo,,https://pim.murata.com/asset/pim4/inductor/J(E)TE243A-0033_PDF_INDUCTOR,AMR,06/09/2026,,,1,,0.19,,,,,,
IPN_L-????,L0806_1uH_2.9A_±20%_48mOhm,FIXED IND 1UH 2.9A 48 MOHM SMD,1uH,Inductor:L,1,Inductors:L_0806_2016Metric,1,Murata Electronics,DFE201612E-1R0M=P2,https://www.digikey.es/en/products/detail/murata-electronics/DFE201612E-1R0M-P2/7595454,,,,,DFE201612E,"Drum Core, Wirewound",1 µH,±20%,2.9 A,4A,48mOhm Max,,,806,"0.047"" (1.20mm)",Metal,Shielded,-40°C ~ 125°C,Activo,,https://pim.murata.com/asset/pim4/inductor/J(E)TE243A-0006_PDF_INDUCTOR,AMR,06/09/2026,,,1,,0.21,,,,,,
IPN_L-????,L0806_470nH_4.5A_±20%_26mOhm,FIXED IND 470NH 4.5A 26 MOHM SMD,470nH,Inductor:L,1,Inductors:L_0806_2016Metric,1,Murata Electronics,DFE201612E-R47M=P2,https://www.digikey.es/en/products/detail/murata-electronics/DFE201612E-R47M-P2/9815903,,,,,DFE201612E,"Drum Core, Wirewound",470 nH,±20%,4.5 A,5.5A,26mOhm Max,,,806,"0.047"" (1.20mm)",Metal,Shielded,-40°C ~ 125°C,Activo,,https://pim.murata.com/asset/pim4/inductor/J(E)TE243A-0006_PDF_INDUCTOR,AMR,06/09/2026,,,1,,0.21,,,,,,
IPN_L-0001,L0806_2.2uH_1.8A_±20%_116mOhm,FIXED IND 2.2UH 1.8A 116 MOHM,2.2uH,Inductor:L,1,Inductors:L_0806_2016Metric,1,Murata Electronics,DFE201612E-2R2M=P2,https://www.digikey.es/en/products/detail/murata-electronics/DFE201612E-2R2M-P2/9815901,,,,,DFE201612E,"Drum Core, Wirewound",2.2 µH,±20%,1.8 A,2.4A,116mOhm Max,,,806,"0.047"" (1.20mm)",Metal,Shielded,-40°C ~ 125°C,Activo,,https://pim.murata.com/asset/pim4/inductor/J(E)TE243A-0006_PDF_INDUCTOR,AMR,06/09/2026,,,1,,0.21,,,,,,
IPN_L-????,L0806_1uH_2.7A_±20%_57mOhm,FIXED IND 1UH 2.7A 57 MOHM SMD,1uH,Inductor:L,1,Inductors:L_0806_2016Metric,1,Murata Electronics,DFE201610E-1R0M=P2,https://www.digikey.es/en/products/detail/murata-electronics/DFE201610E-1R0M-P2/7430535,,,,,DFE201610E,,1 µH,±20%,2.7 A,3.6A,57mOhm Max,,,806,"0.039"" (1.00mm)",Metal,Shielded,-40°C ~ 125°C,Activo,,https://pim.murata.com/asset/pim4/inductor/J(E)TE243A-0001_PDF_INDUCTOR,AMR,06/09/2026,,,1,,0.21,,,,,,
IPN_L-????,L0806_470nH_3.6A_±20%_32mOhm,FIXED IND 470NH 3.6A 32 MOHM SMD,470nH,Inductor:L,1,Inductors:L_0806_2016Metric,1,Murata Electronics,DFE201610E-R47M=P2,https://www.digikey.es/en/products/detail/murata-electronics/DFE201610E-R47M-P2/7927536,,,,,DFE201610E,"Drum Core, Wirewound",470 nH,±20%,3.6 A,4.8A,32mOhm Max,,,806,"0.039"" (1.00mm)",Metal,Shielded,-40°C ~ 125°C,Activo,,https://pim.murata.com/asset/pim4/inductor/J(E)TE243A-0001_PDF_INDUCTOR,AMR,06/09/2026,,,1,,0.21,,,,,,
IPN_L-????,L0806_2.2uH_1.7A_±20%_140mOhm,FIXED IND 2.2UH 1.7A 140 MOHM,2.2uH,Inductor:L,1,Inductors:L_0806_2016Metric,1,Murata Electronics,DFE201610E-2R2M=P2,https://www.digikey.es/en/products/detail/murata-electronics/DFE201610E-2R2M-P2/7430537,,,,,DFE201610E,,2.2 µH,±20%,1.7 A,2.4A,140mOhm Max,,,806,"0.039"" (1.00mm)",Metal,Shielded,-40°C ~ 125°C,Activo,,https://pim.murata.com/asset/pim4/inductor/J(E)TE243A-0001_PDF_INDUCTOR,AMR,06/09/2026,,,1,,0.21,,,,,,
IPN_L-????,L0806_10uH_650mA_±20%_780mOhm,FIXED IND 10UH 650MA 780 MOHM,10uH,Inductor:L,1,Inductors:L_0806_2016Metric,1,Murata Electronics,DFE201610E-100M=P2,https://www.digikey.es/en/products/detail/murata-electronics/DFE201610E-100M-P2/7927532,,,,,DFE201610E,"Drum Core, Wirewound",10 µH,±20%,650 mA,1A,780mOhm Max,,,806,"0.039"" (1.00mm)",Metal,Shielded,-40°C ~ 125°C,Activo,,https://pim.murata.com/asset/pim4/inductor/J(E)TE243A-0001_PDF_INDUCTOR,AMR,06/09/2026,,,1,,0.21,,,,,,
IPN_L-????,L0806_680nH_3.1A_±20%_43mOhm,FIXED IND 680NH 3.1A 43 MOHM SMD,680nH,Inductor:L,1,Inductors:L_0806_2016Metric,1,Murata Electronics,DFE201610E-R68M=P2,https://www.digikey.es/en/products/detail/murata-electronics/DFE201610E-R68M-P2/7927537,,,,,DFE201610E,"Drum Core, Wirewound",680 nH,±20%,3.1 A,4.3A,43mOhm Max,,,806,"0.039"" (1.00mm)",Metal,Shielded,-40°C ~ 125°C,Activo,,https://pim.murata.com/asset/pim4/inductor/J(E)TE243A-0001_PDF_INDUCTOR,AMR,06/09/2026,,,1,,0.23,,,,,,
IPN_L-????,L0805_1uH_2A_±20%_95mOhm,FIXED IND 1UH 2A 95 MOHM SMD,1uH,Inductor:L,1,Inductors:L_0805_2012Metric,1,Murata Electronics,DFE201210U-1R0M=P2,https://www.digikey.es/en/products/detail/murata-electronics/DFE201210U-1R0M-P2/7927526,,,,,DFE201210U,"Drum Core, Wirewound",1 µH,±20%,2 A,3.1A,95mOhm Max,,,805,"0.039"" (1.00mm)",Metal,Shielded,-40°C ~ 125°C,Activo,,https://pim.murata.com/asset/pim4/inductor/J(E)TE243A-0029_PDF_INDUCTOR,AMR,06/09/2026,,,1,,0.27,,,,,,
IPN_L-????,L0805_470nH_3A_±20%_42mOhm,FIXED IND 470NH 3A 42 MOHM SMD,470nH,Inductor:L,1,Inductors:L_0805_2012Metric,1,Murata Electronics,DFE201210U-R47M=P2,https://www.digikey.es/en/products/detail/murata-electronics/DFE201210U-R47M-P2/7927530,,,,,DFE201210U,"Drum Core, Wirewound",470 nH,±20%,3 A,4.4A,42mOhm Max,,,805,"0.039"" (1.00mm)",Metal,Shielded,-40°C ~ 125°C,Activo,,https://pim.murata.com/asset/pim4/inductor/J(E)TE243A-0029_PDF_INDUCTOR,AMR,06/09/2026,,,1,,0.27,,,,,,
IPN_L-????,L0805_1uH_2.7A_±20%_60mOhm,FIXED IND 1UH 2.7A 60 MOHM SMD,1uH,Inductor:L,1,Inductors:L_0805_2012Metric,1,Murata Electronics,DFE21CCN1R0MELL,https://www.digikey.es/en/products/detail/murata-electronics/DFE21CCN1R0MELL/15912574,,,,,DFE21CCN_EL,"Drum Core, Wirewound",1 µH,±20%,2.7 A,3.3A,60mOhm Max,,,805,"0.031"" (0.80mm)",Metal,Shielded,-40°C ~ 125°C,Activo,,https://pim.murata.com/asset/pim4/inductor/JETE243A-0052_PDF_INDUCTOR,AMR,06/09/2026,,,1,,0.28,,,,,,
IPN_L-????,L1210_10uH_1.1A_±20%_324mOhm,FIXED IND 10UH 1.1A 324 MOHM SMD,10uH,Inductor:L,1,Inductors:L_1210_3225Metric,1,Murata Electronics,DFE322512F-100M=P2,https://www.digikey.es/en/products/detail/murata-electronics/DFE322512F-100M-P2/9815911,,,,,DFE322512F,"Drum Core, Wirewound",10 µH,±20%,1.1 A,1.7A,324mOhm Max,,,1210,"0.047"" (1.20mm)",Metal,Shielded,-40°C ~ 125°C,Activo,,https://pim.murata.com/asset/pim4/inductor/J(E)TE243A-0019_PDF_INDUCTOR,AMR,06/09/2026,,,1,,0.39,,,,,,
IPN_L-????,L1210_4.7uH_1.6A_±20%_157mOhm,FIXED IND 4.7UH 1.6A 157 MOHM,4.7uH,Inductor:L,1,Inductors:L_1210_3225Metric,1,Murata Electronics,DFE322512F-4R7M=P2,https://www.digikey.es/en/products/detail/murata-electronics/DFE322512F-4R7M-P2/9815916,,,,,DFE322512F,"Drum Core, Wirewound",4.7 µH,±20%,1.6 A,2.3A,157mOhm Max,,,1210,"0.047"" (1.20mm)",Metal,Shielded,-40°C ~ 125°C,Activo,,https://pim.murata.com/asset/pim4/inductor/J(E)TE243A-0019_PDF_INDUCTOR,AMR,06/09/2026,,,1,,0.39,,,,,,
IPN_L-????,L1008_2.2uH_1.9A_±20%_101mOhm,FIXED IND 2.2UH 1.9A 101 MOHM,2.2uH,Inductor:L,1,Inductors:L_1008_2520Metric,1,Murata Electronics,DFE2HCAH2R2MJ0L,https://www.digikey.es/en/products/detail/murata-electronics/DFE2HCAH2R2MJ0L/10135182,,,,,DFE2H,"Drum Core, Wirewound",2.2 µH,±20%,1.9 A,2.5A,101mOhm Max,,,1008,"0.047"" (1.20mm)",Metal,Shielded,-40°C ~ 150°C,Activo,,https://pim.murata.com/asset/pim4/inductor/JETE243A-9105_PDF_INDUCTOR,AMR,06/09/2026,,,1,,0.49,,,,,,
IPN_L-????,L1210_2.2uH_3.3A_±20%_40mOhm,FIXED IND 2.2UH 3.3A 40 MOHM SMD,2.2uH,Inductor:L,1,Inductors:L_1210_3225Metric,1,Murata Electronics,DFE322520F-2R2M=P2,https://www.digikey.es/en/products/detail/murata-electronics/DFE322520F-2R2M-P2/16892636,,,,,DFE322520F,Wirewound,2.2 µH,±20%,3.3 A,4.4A,40mOhm Max,,,1210,"0.079"" (2.00mm)",Metal,Shielded,-40°C ~ 125°C,Activo,,https://pim.murata.com/asset/pim4/inductor/J(E)TE243A-0040_PDF_INDUCTOR,AMR,06/09/2026,,,1,,0.5,,,,,,
IPN_L-????,L1210_1uH_5.4A_±20%_19mOhm,FIXED IND 1UH 5.4A 19 MOHM SMD,1uH,Inductor:L,1,Inductors:L_1210_3225Metric,1,Murata Electronics,DFE322520F-1R0M=P2,https://www.digikey.es/en/products/detail/murata-electronics/DFE322520F-1R0M-P2/16892646,,,,,DFE322520F,Wirewound,1 µH,±20%,5.4 A,6.7A,19mOhm Max,,,1210,"0.079"" (2.00mm)",Metal,Shielded,-40°C ~ 125°C,Activo,,https://pim.murata.com/asset/pim4/inductor/J(E)TE243A-0040_PDF_INDUCTOR,AMR,06/09/2026,,,1,,0.5,,,,,,
IPN_L-????,L1210_1uH_4.1A_±20%_22mOhm,FIXED IND 1UH 4.1A 22 MOHM SMD,1uH,Inductor:L,1,Inductors:L_1210_3225Metric,1,Murata Electronics,DFE322520FD-1R0M=P2,https://www.digikey.es/en/products/detail/murata-electronics/DFE322520FD-1R0M-P2/10135194,Murata Electronics,DFE32CAH1R0MR0L,,,DFE322520FD,"Drum Core, Wirewound",1 µH,±20%,4.1 A,7.5A,22mOhm Max,,,1210,"0.079"" (2.00mm)",Metal,Shielded,-40°C ~ 125°C,Activo,,https://pim.murata.com/asset/pim4/inductor/J(E)TE243A-9104_PDF_INDUCTOR,AMR,06/09/2026,,,1,Alt MPN DFE32CAH1R0MR0L differs in TempRange (-55°C ~ 150°C) / Shielded (Shielded),0.63,,,,,,
IPN_L-????,L1210_2.2uH_2.9A_±20%_46mOhm,FIXED IND 2.2UH 2.9A 46 MOHM SMD,2.2uH,Inductor:L,1,Inductors:L_1210_3225Metric,1,Murata Electronics,DFE322520FD-2R2M=P2,https://www.digikey.es/en/products/detail/murata-electronics/DFE322520FD-2R2M-P2/10135196,,,,,DFE322520FD,"Drum Core, Wirewound",2.2 µH,±20%,2.9 A,5A,46mOhm Max,,,1210,"0.079"" (2.00mm)",Metal,Shielded,-40°C ~ 125°C,Activo,,https://pim.murata.com/asset/pim4/inductor/J(E)TE243A-9104_PDF_INDUCTOR,AMR,06/09/2026,,,1,,0.63,,,,,,
IPN_L-????,L1210_4.7uH_2A_±20%_98mOhm,FIXED IND 4.7UH 2A 98 MOHM SMD,4.7uH,Inductor:L,1,Inductors:L_1210_3225Metric,1,Murata Electronics,DFE322520FD-4R7M=P2,https://www.digikey.es/en/products/detail/murata-electronics/DFE322520FD-4R7M-P2/10135198,,,,,DFE322520FD,"Drum Core, Wirewound",4.7 µH,±20%,2 A,3.4A,98mOhm Max,,,1210,"0.079"" (2.00mm)",Metal,Shielded,-40°C ~ 125°C,Activo,,https://pim.murata.com/asset/pim4/inductor/J(E)TE243A-9104_PDF_INDUCTOR,AMR,06/09/2026,,,1,,0.63,,,,,,
IPN_L-????,L1210_3.3uH_2.3A_±20%_65mOhm,FIXED IND 3.3UH 2.3A 65 MOHM SMD,3.3uH,Inductor:L,1,Inductors:L_1210_3225Metric,1,Murata Electronics,DFE322520FD-3R3M=P2,https://www.digikey.es/en/products/detail/murata-electronics/DFE322520FD-3R3M-P2/10135197,,,,,DFE322520FD,"Drum Core, Wirewound",3.3 µH,±20%,2.3 A,4.2A,65mOhm Max,,,1210,"0.079"" (2.00mm)",Metal,Shielded,-40°C ~ 125°C,Activo,,https://pim.murata.com/asset/pim4/inductor/J(E)TE243A-9104_PDF_INDUCTOR,AMR,06/09/2026,,,1,,0.63,,,,,,
IPN_L-????,L1210_1.5uH_3.4A_±20%_31mOhm,FIXED IND 1.5UH 3.4A 31 MOHM SMD,1.5uH,Inductor:L,1,Inductors:L_1210_3225Metric,1,Murata Electronics,DFE322520FD-1R5M=P2,https://www.digikey.es/en/products/detail/murata-electronics/DFE322520FD-1R5M-P2/10135195,,,,,DFE322520FD,"Drum Core, Wirewound",1.5 µH,±20%,3.4 A,6A,31mOhm Max,,,1210,"0.079"" (2.00mm)",Metal,Shielded,-40°C ~ 125°C,Activo,,https://pim.murata.com/asset/pim4/inductor/J(E)TE243A-9104_PDF_INDUCTOR,AMR,06/09/2026,,,1,,0.63,,,,,,
IPN_L-????,L1210_4.7uH_1.9A_±20%_101mOhm,FIXED IND 4.7UH 1.9A 101 MOHM,4.7uH,Inductor:L,1,Inductors:L_1210_3225Metric,1,Murata Electronics,DFE32CAH4R7MR0L,https://www.digikey.es/en/products/detail/murata-electronics/DFE32CAH4R7MR0L/16892638,,,,,DFE32CAH_R0,Wirewound,4.7 µH,±20%,1.9 A,2.9A,101mOhm Max,,,1210,"0.079"" (2.00mm)",Metal,Shielded,-55°C ~ 150°C,Activo,,https://pim.murata.com/asset/pim4/inductor/JETE243A-9108_PDF_INDUCTOR,AMR,06/09/2026,,,1,,0.85,,,,,,
IPN_L-????,L0806_470nH_4.8A_±20%_33mOhm,FIXED IND 470NH 4.8A 33 MOHM SMD,470nH,Inductor:L,1,Inductors:L_0806_2016Metric,1,Murata Electronics,DFE201612P-R47M=P2,https://www.digikey.es/en/products/detail/murata-electronics/DFE201612P-R47M-P2/5247234,,,,,DFE201612P,"Drum Core, Wirewound",470 nH,±20%,4.8 A,,33mOhm Max,,,806,"0.047"" (1.20mm)",Metal,Shielded,-40°C ~ 125°C,Activo,,https://pim.murata.com/asset/pim4/inductor/J(E)TE243A-0033_PDF_INDUCTOR,AMR,06/09/2026,,,1,,0.19,,,,,,
IPN_L-????,L0806_2.2uH_2.1A_±20%_144mOhm,FIXED IND 2.2UH 2.1A 144 MOHM,2.2uH,Inductor:L,1,Inductors:L_0806_2016Metric,1,Murata Electronics,DFE201612P-2R2M=P2,https://www.digikey.es/en/products/detail/murata-electronics/DFE201612P-2R2M-P2/5247231,,,,,DFE201612P,"Drum Core, Wirewound",2.2 µH,±20%,2.1 A,,144mOhm Max,,,806,"0.039"" (1.00mm)",Metal,Shielded,-40°C ~ 125°C,Activo,,https://pim.murata.com/asset/pim4/inductor/J(E)TE243A-0033_PDF_INDUCTOR,AMR,06/09/2026,,,1,,0.19,,,,,,
IPN_L-????,L0806_240nH_6.5A_±20%_23mOhm,FIXED IND 240NH 6.5A 23 MOHM SMD,240nH,Inductor:L,1,Inductors:L_0806_2016Metric,1,Murata Electronics,DFE201612P-R24M=P2,https://www.digikey.es/en/products/detail/murata-electronics/DFE201612P-R24M-P2/5247232,,,,,DFE201612P,"Drum Core, Wirewound",240 nH,±20%,6.5 A,,23mOhm Max,,,806,"0.039"" (1.00mm)",Metal,Shielded,-40°C ~ 125°C,Activo,,https://pim.murata.com/asset/pim4/inductor/J(E)TE243A-0033_PDF_INDUCTOR,AMR,06/09/2026,,,1,,0.19,,,,,,
IPN_L-????,L0806_4.7uH_1.2A_±20%_252mOhm,FIXED IND 4.7UH 1.2A 252 MOHM,4.7uH,Inductor:L,1,Inductors:L_0806_2016Metric,1,Murata Electronics,DFE201612E-4R7M=P2,https://www.digikey.es/en/products/detail/murata-electronics/DFE201612E-4R7M-P2/9815902,,,,,DFE201612E,"Drum Core, Wirewound",4.7 µH,±20%,1.2 A,1.8A,252mOhm Max,,,806,"0.047"" (1.20mm)",Metal,Shielded,-40°C ~ 125°C,Activo,,https://pim.murata.com/asset/pim4/inductor/J(E)TE243A-0006_PDF_INDUCTOR,AMR,06/09/2026,,,1,,0.21,,,,,,
IPN_L-????,L0806_330nH_4.8A_±20%_21mOhm,FIXED IND 330NH 4.8A 21 MOHM SMD,330nH,Inductor:L,1,Inductors:L_0806_2016Metric,1,Murata Electronics,DFE201612E-R33M=P2,https://www.digikey.es/en/products/detail/murata-electronics/DFE201612E-R33M-P2/10701380,,,,,DFE18SBN,Wirewound,330 nH,±20%,4.8 A,6.3A,21mOhm Max,,,806,"0.047"" (1.20mm)",Metal,Shielded,-40°C ~ 125°C,Activo,,https://pim.murata.com/asset/pim4/inductor/J(E)TE243A-0006_PDF_INDUCTOR,AMR,06/09/2026,,,1,,0.21,,,,,,
IPN_L-????,L0806_240nH_5A_±20%_19mOhm,FIXED IND 240NH 5A 19 MOHM SMD,240nH,Inductor:L,1,Inductors:L_0806_2016Metric,1,Murata Electronics,DFE201612E-R24M=P2,https://www.digikey.es/en/products/detail/murata-electronics/DFE201612E-R24M-P2/10701008,,,,,DFE18SBN,Wirewound,240 nH,±20%,5 A,6.6A,19mOhm Max,,,806,"0.047"" (1.20mm)",Metal,Shielded,-40°C ~ 125°C,Activo,,https://pim.murata.com/asset/pim4/inductor/J(E)TE243A-0006_PDF_INDUCTOR,AMR,06/09/2026,,,1,,0.21,,,,,,
IPN_L-????,L0806_240nH_4.7A_±20%_20mOhm,FIXED IND 240NH 4.7A 20 MOHM SMD,240nH,Inductor:L,1,Inductors:L_0806_2016Metric,1,Murata Electronics,DFE201610E-R24M=P2,https://www.digikey.es/en/products/detail/murata-electronics/DFE201610E-R24M-P2/7927534,,,,,DFE201610E,"Drum Core, Wirewound",240 nH,±20%,4.7 A,6.3A,20mOhm Max,,,806,"0.039"" (1.00mm)",Metal,Shielded,-40°C ~ 125°C,Activo,,https://pim.murata.com/asset/pim4/inductor/J(E)TE243A-0001_PDF_INDUCTOR,AMR,06/09/2026,,,1,,0.21,,,,,,
IPN_L-????,L0806_4.7uH_1.1A_±20%_288mOhm,FIXED IND 4.7UH 1.1A 288 MOHM,4.7uH,Inductor:L,1,Inductors:L_0806_2016Metric,1,Murata Electronics,DFE201610E-4R7M=P2,https://www.digikey.es/en/products/detail/murata-electronics/DFE201610E-4R7M-P2/7927533,,,,,DFE201610E,"Drum Core, Wirewound",4.7 µH,±20%,1.1 A,1.6A,288mOhm Max,,,806,"0.039"" (1.00mm)",Metal,Shielded,-40°C ~ 125°C,Activo,,https://pim.murata.com/asset/pim4/inductor/J(E)TE243A-0001_PDF_INDUCTOR,AMR,06/09/2026,,,1,,0.23,,,,,,
IPN_L-????,L0806_1.5uH_2.1A_±20%_91mOhm,FIXED IND 1.5UH 2.1A 91 MOHM SMD,1.5uH,Inductor:L,1,Inductors:L_0806_2016Metric,1,Murata Electronics,DFE201610E-1R5M=P2,https://www.digikey.es/en/products/detail/murata-electronics/DFE201610E-1R5M-P2/7430536,,,,,DFE201610E,,1.5 µH,±20%,2.1 A,2.9A,91mOhm Max,,,806,"0.039"" (1.00mm)",Metal,Shielded,-40°C ~ 125°C,Activo,,https://pim.murata.com/asset/pim4/inductor/J(E)TE243A-0001_PDF_INDUCTOR,AMR,06/09/2026,,,1,,0.23,,,,,,
IPN_L-????,L0805_680nH_2.4A_±20%_60mOhm,FIXED IND 680NH 2.4A 60 MOHM SMD,680nH,Inductor:L,1,Inductors:L_0805_2012Metric,1,Murata Electronics,DFE201210U-R68M=P2,https://www.digikey.es/en/products/detail/murata-electronics/DFE201210U-R68M-P2/7927531,,,,,DFE201210U,"Drum Core, Wirewound",680 nH,±20%,2.4 A,3.6A,60mOhm Max,,,805,"0.039"" (1.00mm)",Metal,Shielded,-40°C ~ 125°C,Activo,,https://pim.murata.com/asset/pim4/inductor/J(E)TE243A-0029_PDF_INDUCTOR,AMR,06/09/2026,,,1,,0.25,,,,,,
IPN_L-????,L0805_240nH_3.8A_±20%_25mOhm,FIXED IND 240NH 3.8A 25 MOHM SMD,240nH,Inductor:L,1,Inductors:L_0805_2012Metric,1,Murata Electronics,DFE201210U-R24M=P2,https://www.digikey.es/en/products/detail/murata-electronics/DFE201210U-R24M-P2/7927528,,,,,DFE201210U,"Drum Core, Wirewound",240 nH,±20%,3.8 A,6.5A,25mOhm Max,,,805,"0.039"" (1.00mm)",Metal,Shielded,-40°C ~ 125°C,Activo,,https://pim.murata.com/asset/pim4/inductor/J(E)TE243A-0029_PDF_INDUCTOR,AMR,06/09/2026,,,1,,0.25,,,,,,
IPN_L-????,L0805_1.5uH_1.6A_±20%_138mOhm,FIXED IND 1.5UH 1.6A 138 MOHM,1.5uH,Inductor:L,1,Inductors:L_0805_2012Metric,1,Murata Electronics,DFE201210U-1R5M=P2,https://www.digikey.es/en/products/detail/murata-electronics/DFE201210U-1R5M-P2/7927527,,,,,DFE201210U,"Drum Core, Wirewound",1.5 µH,±20%,1.6 A,2.5A,138mOhm Max,,,805,"0.039"" (1.00mm)",Metal,Shielded,-40°C ~ 125°C,Activo,,https://pim.murata.com/asset/pim4/inductor/J(E)TE243A-0029_PDF_INDUCTOR,AMR,06/09/2026,,,1,,0.27,,,,,,
IPN_L-????,L0805_240nH_5.2A_±20%_20mOhm,FIXED IND 240NH 5.2A 20 MOHM SMD,240nH,Inductor:L,1,Inductors:L_0805_2012Metric,1,Murata Electronics,DFE21CCNR24MELL,https://www.digikey.es/en/products/detail/murata-electronics/DFE21CCNR24MELL/15912577,,,,,DFE21CCN_EL,"Drum Core, Wirewound",240 nH,±20%,5.2 A,6.5A,20mOhm Max,,,805,"0.031"" (0.80mm)",Metal,Shielded,-40°C ~ 125°C,Activo,,https://pim.murata.com/asset/pim4/inductor/JETE243A-0052_PDF_INDUCTOR,AMR,06/09/2026,,,1,,0.28,,,,,,
IPN_L-????,L0805_470nH_4.1A_±20%_29mOhm,FIXED IND 470NH 4.1A 29 MOHM SMD,470nH,Inductor:L,1,Inductors:L_0805_2012Metric,1,Murata Electronics,DFE21CCNR47MELL,https://www.digikey.es/en/products/detail/murata-electronics/DFE21CCNR47MELL/15912576,,,,,DFE21CCN_EL,"Drum Core, Wirewound",470 nH,±20%,4.1 A,4.8A,29mOhm Max,,,805,"0.031"" (0.80mm)",Metal,Shielded,-40°C ~ 125°C,Activo,,https://pim.murata.com/asset/pim4/inductor/JETE243A-0052_PDF_INDUCTOR,AMR,06/09/2026,,,1,,0.28,,,,,,
IPN_L-????,L0806_1uH_2.2A_±20%_60mOhm,FIXED IND 1UH 2.2A 60 MOHM SMD,1uH,Inductor:L,1,Inductors:L_0806_2016Metric,1,Murata Electronics,DFE201612PD-1R0M=P2,https://www.digikey.es/en/products/detail/murata-electronics/DFE201612PD-1R0M-P2/9559545,,,,,DFE201612P,"Drum Core, Wirewound",1 µH,±20%,2.2 A,2.7A,60mOhm Max,,,806,"0.047"" (1.20mm)",Metal,Shielded,-40°C ~ 125°C,Activo,,https://pim.murata.com/asset/pim4/inductor/J(E)TE243A-9101_PDF_INDUCTOR,AMR,06/09/2026,,,1,,0.36,,,,,,
IPN_L-????,L0806_470nH_3.2A_±20%_32mOhm,FIXED IND 470NH 3.2A 32 MOHM SMD,470nH,Inductor:L,1,Inductors:L_0806_2016Metric,1,Murata Electronics,DFE201612PD-R47M=P2,https://www.digikey.es/en/products/detail/murata-electronics/DFE201612PD-R47M-P2/9559551,,,,,DFE201612P,"Drum Core, Wirewound",470 nH,±20%,3.2 A,3.8A,32mOhm Max,,,806,"0.047"" (1.20mm)",Metal,Shielded,-40°C ~ 125°C,Activo,,https://pim.murata.com/asset/pim4/inductor/J(E)TE243A-9101_PDF_INDUCTOR,AMR,06/09/2026,,,1,,0.36,,,,,,
IPN_L-????,L0806_2.2uH_1.2A_±20%_172mOhm,FIXED IND 2.2UH 1.2A 172 MOHM,2.2uH,Inductor:L,1,Inductors:L_0806_2016Metric,1,Murata Electronics,DFE201612PD-2R2M=P2,https://www.digikey.es/en/products/detail/murata-electronics/DFE201612PD-2R2M-P2/9559547,,,,,DFE201612P,"Drum Core, Wirewound",2.2 µH,±20%,1.2 A,1.7A,172mOhm Max,,,806,"0.047"" (1.20mm)",Metal,Shielded,-40°C ~ 125°C,Activo,,https://pim.murata.com/asset/pim4/inductor/J(E)TE243A-9101_PDF_INDUCTOR,AMR,06/09/2026,,,1,,0.36,,,,,,
IPN_L-????,L0806_150nH_5.2A_±20%_18mOhm,FIXED IND 150NH 5.2A 18 MOHM SMD,150nH,Inductor:L,1,Inductors:L_0806_2016Metric,1,Murata Electronics,DFE201612PD-R15M=P2,https://www.digikey.es/en/products/detail/murata-electronics/DFE201612PD-R15M-P2/9559548,,,,,DFE201612P,"Drum Core, Wirewound",150 nH,±20%,5.2 A,6.2A,18mOhm Max,,,806,"0.047"" (1.20mm)",Metal,Shielded,-40°C ~ 125°C,Activo,,https://pim.murata.com/asset/pim4/inductor/J(E)TE243A-9101_PDF_INDUCTOR,AMR,06/09/2026,,,1,,0.36,,,,,,
IPN_L-????,L0806_240nH_4A_±20%_22mOhm,FIXED IND 240NH 4A 22 MOHM SMD,240nH,Inductor:L,1,Inductors:L_0806_2016Metric,1,Murata Electronics,DFE201612PD-R24M=P2,https://www.digikey.es/en/products/detail/murata-electronics/DFE201612PD-R24M-P2/9559549,,,,,DFE201612P,"Drum Core, Wirewound",240 nH,±20%,4 A,5A,22mOhm Max,,,806,"0.047"" (1.20mm)",Metal,Shielded,-40°C ~ 125°C,Activo,,https://pim.murata.com/asset/pim4/inductor/J(E)TE243A-9101_PDF_INDUCTOR,AMR,06/09/2026,,,1,,0.36,,,,,,
IPN_L-????,L0806_1.5uH_1.7A_±20%_98mOhm,FIXED IND 1.5UH 1.7A 98 MOHM SMD,1.5uH,Inductor:L,1,Inductors:L_0806_2016Metric,1,Murata Electronics,DFE201612PD-1R5M=P2,https://www.digikey.es/en/products/detail/murata-electronics/DFE201612PD-1R5M-P2/9559546,,,,,DFE201612P,"Drum Core, Wirewound",1.5 µH,±20%,1.7 A,2A,98mOhm Max,,,806,"0.047"" (1.20mm)",Metal,Shielded,-40°C ~ 125°C,Activo,,https://pim.murata.com/asset/pim4/inductor/J(E)TE243A-9101_PDF_INDUCTOR,AMR,06/09/2026,,,1,,0.38,,,,,,
IPN_L-????,L0806_680nH_2.5A_±20%_46mOhm,FIXED IND 680NH 2.5A 46 MOHM SMD,680nH,Inductor:L,1,Inductors:L_0806_2016Metric,1,Murata Electronics,DFE201612PD-R68M=P2,https://www.digikey.es/en/products/detail/murata-electronics/DFE201612PD-R68M-P2/9559552,,,,,DFE201612P,"Drum Core, Wirewound",680 nH,±20%,2.5 A,3.1A,46mOhm Max,,,806,"0.047"" (1.20mm)",Metal,Shielded,-40°C ~ 125°C,Activo,,https://pim.murata.com/asset/pim4/inductor/J(E)TE243A-9101_PDF_INDUCTOR,AMR,06/09/2026,,,1,,0.38,,,,,,
IPN_L-????,L1210_2.2uH_2.6A_±20%_66mOhm,FIXED IND 2.2UH 2.6A 66 MOHM SMD,2.2uH,Inductor:L,1,Inductors:L_1210_3225Metric,1,Murata Electronics,DFE322512F-2R2M=P2,https://www.digikey.es/en/products/detail/murata-electronics/DFE322512F-2R2M-P2/9815914,,,,,DFE322512F,"Drum Core, Wirewound",2.2 µH,±20%,2.6 A,3.4A,66mOhm Max,,,1210,"0.047"" (1.20mm)",Metal,Shielded,-40°C ~ 125°C,Activo,,https://pim.murata.com/asset/pim4/inductor/J(E)TE243A-0019_PDF_INDUCTOR,AMR,06/09/2026,,,1,,0.39,,,,,,
IPN_L-????,L1210_1uH_3.8A_±20%_32mOhm,FIXED IND 1UH 3.8A 32 MOHM SMD,1uH,Inductor:L,1,Inductors:L_1210_3225Metric,1,Murata Electronics,DFE322512F-1R0M=P2,https://www.digikey.es/en/products/detail/murata-electronics/DFE322512F-1R0M-P2/9815912,,,,,DFE322512F,"Drum Core, Wirewound",1 µH,±20%,3.8 A,4.8A,32mOhm Max,,,1210,"0.047"" (1.20mm)",Metal,Shielded,-40°C ~ 125°C,Activo,,https://pim.murata.com/asset/pim4/inductor/J(E)TE243A-0019_PDF_INDUCTOR,AMR,06/09/2026,,,1,,0.39,,,,,,
IPN_L-????,L1210_470nH_4.8A_±20%_23mOhm,FIXED IND 4.8A 23 MOHM SMD,470nH,Inductor:L,1,Inductors:L_1210_3225Metric,1,Murata Electronics,DFE322512F-R47M=P2,https://www.digikey.es/en/products/detail/murata-electronics/DFE322512F-R47M-P2/9815918,,,,,DFE322512F,"Drum Core, Wirewound",470 nH,±20%,4.8 A,6.7A,23mOhm Max,,,1210,"0.047"" (1.20mm)",Metal,Shielded,-40°C ~ 125°C,Activo,,https://pim.murata.com/asset/pim4/inductor/J(E)TE243A-0019_PDF_INDUCTOR,AMR,06/09/2026,,,1,Inductance inferred from MPN code (missing in source data),0.39,,,,,,
IPN_L-????,L1210_3.3uH_2A_±20%_108mOhm,FIXED IND 3.3UH 2A 108 MOHM SMD,3.3uH,Inductor:L,1,Inductors:L_1210_3225Metric,1,Murata Electronics,DFE322512F-3R3M=P2,https://www.digikey.es/en/products/detail/murata-electronics/DFE322512F-3R3M-P2/9815915,,,,,DFE322512F,"Drum Core, Wirewound",3.3 µH,±20%,2 A,2.6A,108mOhm Max,,,1210,"0.047"" (1.20mm)",Metal,Shielded,-40°C ~ 125°C,Activo,,https://pim.murata.com/asset/pim4/inductor/J(E)TE243A-0019_PDF_INDUCTOR,AMR,06/09/2026,,,1,,0.39,,,,,,
IPN_L-????,L1210_1.5uH_3A_±20%_48mOhm,FIXED IND 1.5UH 3A 48 MOHM SMD,1.5uH,Inductor:L,1,Inductors:L_1210_3225Metric,1,Murata Electronics,DFE322512F-1R5M=P2,https://www.digikey.es/en/products/detail/murata-electronics/DFE322512F-1R5M-P2/9815913,,,,,DFE322512F,"Drum Core, Wirewound",1.5 µH,±20%,3 A,3.9A,48mOhm Max,,,1210,"0.047"" (1.20mm)",Metal,Shielded,-40°C ~ 125°C,Activo,,https://pim.murata.com/asset/pim4/inductor/J(E)TE243A-0019_PDF_INDUCTOR,AMR,06/09/2026,,,1,,0.39,,,,,,
IPN_L-????,L1210_330nH_5.4A_±20%_20mOhm,FIXED IND 330NH 5.4A 20 MOHM SMD,330nH,Inductor:L,1,Inductors:L_1210_3225Metric,1,Murata Electronics,DFE322512F-R33M=P2,https://www.digikey.es/en/products/detail/murata-electronics/DFE322512F-R33M-P2/11690446,,,,,DFE322512F,"Drum Core, Wirewound",330 nH,±20%,5.4 A,8.5A,20mOhm Max,,,1210,"0.047"" (1.20mm)",Metal,Shielded,-40°C ~ 125°C,Activo,,https://pim.murata.com/asset/pim4/inductor/J(E)TE243A-0019_PDF_INDUCTOR,AMR,06/09/2026,,,1,,0.39,,,,,,
IPN_L-????,L0806_1uH_2.4A_±20%_68mOhm,FIXED IND 1UH 2.4A 68 MOHM SMD,1uH,Inductor:L,1,Inductors:L_0806_2016Metric,1,Murata Electronics,DFE2MCAH1R0MJ0L,https://www.digikey.es/en/products/detail/murata-electronics/DFE2MCAH1R0MJ0L/10135186,,,,,DFE2M,"Drum Core, Wirewound",1 µH,±20%,2.4 A,2.5A,68mOhm Max,,,806,"0.047"" (1.20mm)",Metal,Shielded,-40°C ~ 150°C,Activo,,https://pim.murata.com/asset/pim4/inductor/JETE243A-9107_PDF_INDUCTOR,AMR,06/09/2026,,,1,,0.46,,,,,,
IPN_L-????,L0806_470nH_3.5A_±20%_33mOhm,FIXED IND 470NH 3.5A 33 MOHM SMD,470nH,Inductor:L,1,Inductors:L_0806_2016Metric,1,Murata Electronics,DFE2MCAHR47MJ0L,https://www.digikey.es/en/products/detail/murata-electronics/DFE2MCAHR47MJ0L/10135192,,,,,DFE2M,"Drum Core, Wirewound",470 nH,±20%,3.5 A,3.6A,33mOhm Max,,,806,"0.047"" (1.20mm)",Metal,Shielded,-40°C ~ 150°C,Activo,,https://pim.murata.com/asset/pim4/inductor/JETE243A-9107_PDF_INDUCTOR,AMR,06/09/2026,,,1,,0.46,,,,,,
IPN_L-????,L0806_240nH_4.2A_±20%_25mOhm,FIXED IND 240NH 4.2A 25 MOHM SMD,240nH,Inductor:L,1,Inductors:L_0806_2016Metric,1,Murata Electronics,DFE2MCAHR24MJ0L,https://www.digikey.es/en/products/detail/murata-electronics/DFE2MCAHR24MJ0L/10135190,,,,,DFE2M,"Drum Core, Wirewound",240 nH,±20%,4.2 A,5A,25mOhm Max,,,806,"0.047"" (1.20mm)",Metal,Shielded,-40°C ~ 150°C,Activo,,https://pim.murata.com/asset/pim4/inductor/JETE243A-9107_PDF_INDUCTOR,AMR,06/09/2026,,,1,,0.46,,,,,,
IPN_L-????,L1008_470nH_4.5A_±20%_25mOhm,FIXED IND 470NH 4.5A 25 MOHM SMD,470nH,Inductor:L,1,Inductors:L_1008_2520Metric,1,Murata Electronics,DFE2HCAHR47MJ0L,https://www.digikey.es/en/products/detail/murata-electronics/DFE2HCAHR47MJ0L/10135184,,,,,DFE2H,"Drum Core, Wirewound",470 nH,±20%,4.5 A,5.1A,25mOhm Max,,,1008,"0.047"" (1.20mm)",Metal,Shielded,-40°C ~ 150°C,Activo,,https://pim.murata.com/asset/pim4/inductor/JETE243A-9105_PDF_INDUCTOR,AMR,06/09/2026,,,1,,0.49,,,,,,
IPN_L-????,L1210_1.5uH_4A_±20%_29mOhm,FIXED IND 1.5UH 4A 29 MOHM SMD,1.5uH,Inductor:L,1,Inductors:L_1210_3225Metric,1,Murata Electronics,DFE322520F-1R5M=P2,https://www.digikey.es/en/products/detail/murata-electronics/DFE322520F-1R5M-P2/16892648,,,,,DFE322520F,Wirewound,1.5 µH,±20%,4 A,5.2A,29mOhm Max,,,1210,"0.079"" (2.00mm)",Metal,Shielded,-40°C ~ 125°C,Activo,,https://pim.murata.com/asset/pim4/inductor/J(E)TE243A-0040_PDF_INDUCTOR,AMR,06/09/2026,,,1,,0.5,,,,,,
IPN_L-????,L1210_470nH_6A_±20%_16mOhm,FIXED IND 470NH 6A 16 MOHM SMD,470nH,Inductor:L,1,Inductors:L_1210_3225Metric,1,Murata Electronics,DFE322520F-R47M=P2,https://www.digikey.es/en/products/detail/murata-electronics/DFE322520F-R47M-P2/16892639,,,,,DFE322520F,Wirewound,470 nH,±20%,6 A,8.5A,16mOhm Max,,,1210,"0.079"" (2.00mm)",Metal,Shielded,-40°C ~ 125°C,Activo,,https://pim.murata.com/asset/pim4/inductor/J(E)TE243A-0040_PDF_INDUCTOR,AMR,06/09/2026,,,1,,0.5,,,,,,
IPN_L-????,L1008_1.5uH_2.3A_±20%_74mOhm,FIXED IND 1.5UH 2.3A 74 MOHM SMD,1.5uH,Inductor:L,1,Inductors:L_1008_2520Metric,1,Murata Electronics,DFE2HCAH1R5MJ0L,https://www.digikey.es/en/products/detail/murata-electronics/DFE2HCAH1R5MJ0L/10135181,,,,,DFE2H,"Drum Core, Wirewound",1.5 µH,±20%,2.3 A,2.9A,74mOhm Max,,,1008,"0.047"" (1.20mm)",Metal,Shielded,-40°C ~ 150°C,Activo,,https://pim.murata.com/asset/pim4/inductor/JETE243A-9105_PDF_INDUCTOR,AMR,06/09/2026,,,1,,0.52,,,,,,
IPN_L-????,L1210_10uH_1.4A_±20%_210mOhm,FIXED INDUCTOR 10UH 1210,10uH,Inductor:L,1,Inductors:L_1210_3225Metric,1,Murata Electronics,DFE32CAH100MR0L,https://www.digikey.es/en/products/detail/murata-electronics/DFE32CAH100MR0L/28738943,,,,,DFE32CAH_R0,Wirewound,10 µH,±20%,1.4 A,1.8A,210mOhm Max,,,1210,"0.079"" (2.00mm)",Metal,Unshielded,-55°C ~ 150°C,Activo,,https://pim.murata.com/asset/pim4/inductor/JETE243A-9108_PDF_INDUCTOR?lastModifiedDatetime=20251113142359,AMR,06/09/2026,,,1,,0.91,,,,,,
IPN_L-????,L0806_1.5uH_2.7A_±20%_95mOhm,FIXED IND 1.5UH 2.7A 95 MOHM SMD,1.5uH,Inductor:L,1,Inductors:L_0806_2016Metric,1,Murata Electronics,DFE201612P-1R5M=P2,https://www.digikey.es/en/products/detail/murata-electronics/DFE201612P-1R5M-P2/5247230,,,,,DFE201612P,"Drum Core, Wirewound",1.5 µH,±20%,2.7 A,,95mOhm Max,,,806,"0.039"" (1.00mm)",Metal,Shielded,-40°C ~ 125°C,Activo,,https://pim.murata.com/asset/pim4/inductor/J(E)TE243A-0033_PDF_INDUCTOR,AMR,06/09/2026,,,1,,0.21,,,,,,
IPN_L-????,L0805_2.2uH_1.4A_±20%_200mOhm,FIXED IND 2.2UH 1.4A 200 MOHM,2.2uH,Inductor:L,1,Inductors:L_0805_2012Metric,1,Murata Electronics,DFE2016CKA-2R2M=P2,https://www.digikey.es/en/products/detail/murata-electronics/DFE2016CKA-2R2M-P2/18881010,,,,,DFE18SBN,Wirewound,2.2 µH,±20%,1.4 A,1.4A,200mOhm Max,,,805,"0.039"" (1.00mm)",Metal,Shielded,-40°C ~ 125°C,Activo,,https://pim.murata.com/asset/pim4/inductor/J(E)TE243A-0043_PDF_INDUCTOR,AMR,06/09/2026,,,1,,0.25,,,,,,
IPN_L-????,L0805_1uH_1.8A_±20%_100mOhm,FIXED IND 1UH 1.8A 100 MOHM SMD,1uH,Inductor:L,1,Inductors:L_0805_2012Metric,1,Murata Electronics,DFE2016CKA-1R0M=P2,https://www.digikey.es/en/products/detail/murata-electronics/DFE2016CKA-1R0M-P2/18881014,,,,,DFE18SBN,Wirewound,1 µH,±20%,1.8 A,1.8A,100mOhm Max,,,805,"0.039"" (1.00mm)",Metal,Shielded,-40°C ~ 125°C,Activo,,https://pim.murata.com/asset/pim4/inductor/J(E)TE243A-0043_PDF_INDUCTOR,AMR,06/09/2026,,,1,,0.25,,,,,,
IPN_L-????,L0805_330nH_4.6A_±20%_23mOhm,FIXED IND 330NH 4.6A 23 MOHM SMD,330nH,Inductor:L,1,Inductors:L_0805_2012Metric,1,Murata Electronics,DFE21CCNR33MELL,https://www.digikey.es/en/products/detail/murata-electronics/DFE21CCNR33MELL/16892652,,,,,DFE21CCN_EL,Wirewound,330 nH,±20%,4.6 A,5.4A,23mOhm Max,,,805,"0.031"" (0.80mm)",Metal,Shielded,-40°C ~ 125°C,Activo,,https://pim.murata.com/asset/pim4/inductor/JETE243A-0052_PDF_INDUCTOR,AMR,06/09/2026,,,1,,0.28,,,,,,
IPN_L-????,L0806_330nH_3.8A_±20%_26mOhm,FIXED IND 330NH 3.8A 26 MOHM SMD,330nH,Inductor:L,1,Inductors:L_0806_2016Metric,1,Murata Electronics,DFE201612PD-R33M=P2,https://www.digikey.es/en/products/detail/murata-electronics/DFE201612PD-R33M-P2/9559550,,,,,DFE201612P,"Drum Core, Wirewound",330 nH,±20%,3.8 A,4.5A,26mOhm Max,,,806,"0.047"" (1.20mm)",Metal,Shielded,-40°C ~ 125°C,Activo,,https://pim.murata.com/asset/pim4/inductor/J(E)TE243A-9101_PDF_INDUCTOR,AMR,06/09/2026,,,1,,0.38,,,,,,
IPN_L-????,L0806_1.5uH_1.8A_±20%_109mOhm,FIXED IND 1.5UH 1.8A 109 MOHM,1.5uH,Inductor:L,1,Inductors:L_0806_2016Metric,1,Murata Electronics,DFE2MCAH1R5MJ0L,https://www.digikey.es/en/products/detail/murata-electronics/DFE2MCAH1R5MJ0L/10135187,,,,,DFE2M,"Drum Core, Wirewound",1.5 µH,±20%,1.8 A,2.1A,109mOhm Max,,,806,"0.047"" (1.20mm)",Metal,Shielded,-40°C ~ 150°C,Activo,,https://pim.murata.com/asset/pim4/inductor/JETE243A-9107_PDF_INDUCTOR,AMR,06/09/2026,,,1,,0.46,,,,,,
IPN_L-????,L0806_150nH_4.8A_±20%_21mOhm,FIXED IND 150NH 4.8A 21 MOHM SMD,150nH,Inductor:L,1,Inductors:L_0806_2016Metric,1,Murata Electronics,DFE2MCAHR15MJ0L,https://www.digikey.es/en/products/detail/murata-electronics/DFE2MCAHR15MJ0L/10135189,,,,,DFE2M,"Drum Core, Wirewound",150 nH,±20%,4.8 A,6.1A,21mOhm Max,,,806,"0.047"" (1.20mm)",Metal,Shielded,-40°C ~ 150°C,Activo,,https://pim.murata.com/asset/pim4/inductor/JETE243A-9107_PDF_INDUCTOR,AMR,06/09/2026,,,1,,0.46,,,,,,
IPN_L-????,L0806_2.2uH_1.4A_±20%_169mOhm,FIXED IND 2.2UH 1.4A 169 MOHM,2.2uH,Inductor:L,1,Inductors:L_0806_2016Metric,1,Murata Electronics,DFE2MCAH2R2MJ0L,https://www.digikey.es/en/products/detail/murata-electronics/DFE2MCAH2R2MJ0L/10135188,,,,,DFE2M,"Drum Core, Wirewound",2.2 µH,±20%,1.4 A,1.7A,169mOhm Max,,,806,"0.047"" (1.20mm)",Metal,Shielded,-40°C ~ 150°C,Activo,,https://pim.murata.com/asset/pim4/inductor/JETE243A-9107_PDF_INDUCTOR,AMR,06/09/2026,,,1,,0.46,,,,,,
IPN_L-????,L1008_330nH_4.9A_±20%_21mOhm,FIXED IND 330NH 4.9A 21 MOHM SMD,330nH,Inductor:L,1,Inductors:L_1008_2520Metric,1,Murata Electronics,DFE2HCAHR33MJ0L,https://www.digikey.es/en/products/detail/murata-electronics/DFE2HCAHR33MJ0L/10135183,,,,,DFE2H,"Drum Core, Wirewound",330 nH,±20%,4.9 A,5.8A,21mOhm Max,,,1008,"0.047"" (1.20mm)",Metal,Shielded,-40°C ~ 150°C,Activo,,https://pim.murata.com/asset/pim4/inductor/JETE243A-9105_PDF_INDUCTOR,AMR,06/09/2026,,,1,,0.52,,,,,,
IPN_L-????,L0806_330nH_5.1A_±20%_18mOhm,FIXED IND 330NH 5.1A 18 MOHM SMD,330nH,Inductor:L,1,Inductors:L_0806_2016Metric,1,Murata Electronics,DFE2MCPHR33MJLLQ,https://www.digikey.es/en/products/detail/murata-electronics/DFE2MCPHR33MJLLQ/22471499,,,,,DFE2MCPH_JL,Wirewound,330 nH,±20%,5.1 A,6.9A,18mOhm Max,,,806,"0.047"" (1.20mm)",Metal,Shielded,-40°C ~ 115°C,Activo,,https://pim.murata.com/asset/pim4/inductor/JETE243A-9109_PDF_INDUCTOR?lastModifiedDatetime=20250708072124,AMR,06/09/2026,,,1,,0.57,,,,,,
IPN_L-????,L1210_680nH_5A_±20%_17mOhm,FIXED IND 680NH 5A 17 MOHM SMD,680nH,Inductor:L,1,Inductors:L_1210_3225Metric,1,Murata Electronics,DFE32CAHR68MR0L,https://www.digikey.es/en/products/detail/murata-electronics/DFE32CAHR68MR0L/16892642,,,,,DFE32CAH_R0,Wirewound,680 nH,±20%,5 A,7A,17mOhm Max,,,1210,"0.079"" (2.00mm)",Metal,Shielded,-55°C ~ 150°C,Activo,,https://pim.murata.com/asset/pim4/inductor/JETE243A-9108_PDF_INDUCTOR,AMR,06/09/2026,,,1,,0.85,,,,,,
IPN_L-????,LFCUL0630_220nH_26A_±20%_1.12mOhm,FIXED IND 220NH 26A 1.12 MOHM,220nH,Inductor:L,1,,1,Murata Electronics,FCUL0630-H-R22M=P3,https://www.digikey.es/en/products/detail/murata-electronics/FCUL0630-H-R22M-P3/10689103,,,,,FCUL0630,Wirewound,220 nH,±20%,26 A,25A,1.12mOhm Max,,,FCUL0630,"0.118"" (3.00mm)",Metal,Unshielded,-40°C ~ 125°C,Activo,,https://pim.murata.com/asset/pim4/inductor/J(E)TE243B-0019_FCUL0630_REFERENCE_PDF_INDUCTOR,AMR,06/09/2026,,,1,,1.93,,,,,,
IPN_L-????,LFCUL0630_360nH_21A_±20%_1.9mOhm,FIXED IND 360NH 21A 1.9 MOHM SMD,360nH,Inductor:L,1,,1,Murata Electronics,FCUL0630-H-R36M=P3,https://www.digikey.es/en/products/detail/murata-electronics/FCUL0630-H-R36M-P3/10705168,,,,,FCUL0630,Wirewound,360 nH,±20%,21 A,18A,1.9mOhm,,,FCUL0630,"0.118"" (3.00mm)",Metal,Shielded,-40°C ~ 125°C,Activo,,https://pim.murata.com/asset/pim4/inductor/J(E)TE243B-0019_FCUL0630_REFERENCE_PDF_INDUCTOR,AMR,06/09/2026,,,1,,1.93,,,,,,
IPN_L-????,LFCUL0630_560nH_17A_±20%_3.0281mOhm,FIXED IND 560NH 17A 3.0281 MOHM,560nH,Inductor:L,1,,1,Murata Electronics,FCUL0630-H-R56M=P3,https://www.digikey.es/en/products/detail/murata-electronics/FCUL0630-H-R56M-P3/10704655,,,,,FCUL0630,Wirewound,560 nH,±20%,17 A,14A,3.0281mOhm Max,,,FCUL0630,"0.118"" (3.00mm)",Metal,Shielded,-40°C ~ 125°C,Activo,,https://pim.murata.com/asset/pim4/inductor/J(E)TE243B-0019_FCUL0630_REFERENCE_PDF_INDUCTOR,AMR,06/09/2026,,,1,,2.04,,,,,,
IPN_L-????,LFCUL1060_560nH_30A_±20%_0.91mOhm,FIXED IND 560NH 30A 0.91 MOHM,560nH,Inductor:L,1,,1,Murata Electronics,FCUL1060-H-R56M=P3,https://www.digikey.es/en/products/detail/murata-electronics/FCUL1060-H-R56M-P3/10694234,,,,,FCUL1060,Wirewound,560 nH,±20%,30 A,34A,0.91mOhm Max,,,FCUL1060,"0.236"" (6.00mm)",Metal,Shielded,-40°C ~ 125°C,Activo,,https://pim.murata.com/asset/pim4/inductor/J(E)TE243B-0021_FCUL1060_REFERENCE_PDF_INDUCTOR,AMR,06/09/2026,,,1,,2.08,,,,,,
IPN_L-????,L0806_330nH_5.6A_±20%_28mOhm,FIXED IND 330NH 5.6A 28 MOHM SMD,330nH,Inductor:L,1,Inductors:L_0806_2016Metric,1,Murata Electronics,DFE201612P-R33M=P2,https://www.digikey.es/en/products/detail/murata-electronics/DFE201612P-R33M-P2/5247233,,,,,DFE201612P,"Drum Core, Wirewound",330 nH,±20%,5.6 A,,28mOhm Max,,,806,"0.039"" (1.00mm)",Metal,Shielded,-40°C ~ 125°C,Activo,,https://pim.murata.com/asset/pim4/inductor/J(E)TE243A-0033_PDF_INDUCTOR,AMR,06/09/2026,,,1,,0.19,,,,,,
IPN_L-????,L0806_680nH_3A_±20%_42mOhm,FIXED IND 680NH 3A 42 MOHM SMD,680nH,Inductor:L,1,Inductors:L_0806_2016Metric,1,Murata Electronics,DFE2MCAHR68MJ0L,https://www.digikey.es/en/products/detail/murata-electronics/DFE2MCAHR68MJ0L/10135193,,,,,DFE2M,"Drum Core, Wirewound",680 nH,±20%,3 A,3.1A,42mOhm Max,,,806,"0.047"" (1.20mm)",Metal,Shielded,-40°C ~ 150°C,Activo,,https://pim.murata.com/asset/pim4/inductor/JETE243A-9107_PDF_INDUCTOR,AMR,06/09/2026,,,1,,0.46,,,,,,
IPN_L-????,LFCUL0630_120nH_32A_±20%_0.824mOhm,FIXED IND 120NH 32A 0.824 MOHM,120nH,Inductor:L,1,,1,Murata Electronics,FCUL0630-H-R12M=P3,https://www.digikey.es/en/products/detail/murata-electronics/FCUL0630-H-R12M-P3/9815920,,,,,FCUL0630,"Drum Core, Wirewound",120 nH,±20%,32 A,30A,0.824mOhm Max,,,FCUL0630,"0.118"" (3.00mm)",Metal,Shielded,-40°C ~ 125°C,Activo,,https://pim.murata.com/asset/pim4/inductor/J(E)TE243B-0019_FCUL0630_REFERENCE_PDF_INDUCTOR,AMR,06/09/2026,,,1,,1.93,,,,,,
IPN_L-????,LFCUL0624_470nH_16A_±20%_3.498mOhm,FIXED IND 470NH 16A 3.498 MOHM,470nH,Inductor:L,1,,1,Murata Electronics,FCUL0624-H-R47M=P3,https://www.digikey.es/en/products/detail/murata-electronics/FCUL0624-H-R47M-P3/10695104,,,,,FCUL0624,Wirewound,470 nH,±20%,16 A,17A,3.498mOhm Max,,,FCUL0624,"0.118"" (3.00mm)",Metal,Shielded,-40°C ~ 125°C,Activo,,https://pim.murata.com/asset/pim4/inductor/J(E)TE243B-0018_FCUL0624_REFERENCE_PDF_INDUCTOR,AMR,06/09/2026,,,1,,1.87,,,,,,
IPN_L-????,LFCUL0630_680nH_15A_±20%_3.83mOhm,FIXED IND 680NH 15A 3.83 MOHM,680nH,Inductor:L,1,,1,Murata Electronics,FCUL0630-H-R68M=P3,https://www.digikey.es/en/products/detail/murata-electronics/FCUL0630-H-R68M-P3/10704211,,,,,FCUL0630,Wirewound,680 nH,±20%,15 A,14A,3.83mOhm Max,,,FCUL0630,"0.118"" (3.00mm)",Metal,Shielded,-40°C ~ 125°C,Activo,,https://pim.murata.com/asset/pim4/inductor/J(E)TE243B-0019_FCUL0630_REFERENCE_PDF_INDUCTOR,AMR,06/09/2026,,,1,,1.93,,,,,,
IPN_L-????,L0805_2.2uH_1.2A_±20%_228mOhm,FIXED IND 2.2UH 1.2A 228 MOHM,2.2uH,Inductor:L,1,Inductors:L_0805_2012Metric,1,Murata Electronics,DFE201210U-2R2M=P2,https://www.digikey.es/en/products/detail/murata-electronics/DFE201210U-2R2M-P2/7595453,,,,,DFE201210U,"Drum Core, Wirewound",2.2 µH,±20%,1.2 A,2A,228mOhm Max,,,805,"0.039"" (1.00mm)",Metal,Shielded,-40°C ~ 125°C,Activo,,https://pim.murata.com/asset/pim4/inductor/J(E)TE243A-0029_PDF_INDUCTOR,AMR,06/09/2026,,,1,,0.25,,,,,,
IPN_L-????,L1008_1uH_3A_±20%_50mOhm,FIXED IND 1UH 3A 50 MOHM SMD,1uH,Inductor:L,1,Inductors:L_1008_2520Metric,1,Murata Electronics,DFE2HCAH1R0MJ0L,https://www.digikey.es/en/products/detail/murata-electronics/DFE2HCAH1R0MJ0L/10135180,,,,,DFE2H,"Drum Core, Wirewound",1 µH,±20%,3 A,3.4A,50mOhm Max,,,1008,"0.047"" (1.20mm)",Metal,Shielded,-40°C ~ 150°C,Activo,,https://pim.murata.com/asset/pim4/inductor/JETE243A-9105_PDF_INDUCTOR,AMR,06/09/2026,,,1,,0.49,,,,,,
IPN_L-????,L1210_0.47uH_5.9A_±20%_14mOhm,FIXED IND 0.47UH 5.9A 14 MOHM,0.47uH,Inductor:L,1,Inductors:L_1210_3225Metric,1,Murata Electronics,DFE32CAHR47MR0L,https://www.digikey.es/en/products/detail/murata-electronics/DFE32CAHR47MR0L/16892645,,,,,DFE32CAH_R0,Wirewound,0.47 µH,±20%,5.9 A,8.7A,14mOhm Max,,,1210,"0.079"" (2.00mm)",Metal,Shielded,-55°C ~ 150°C,Activo,,https://pim.murata.com/asset/pim4/inductor/JETE243A-9108_PDF_INDUCTOR,AMR,06/09/2026,,,1,,0.85,,,,,,
IPN_L-????,L1210_1.5uH_3.5A_±20%_30mOhm,FIXED IND 1.5UH 3.5A 30 MOHM SMD,1.5uH,Inductor:L,1,Inductors:L_1210_3225Metric,1,Murata Electronics,DFE32CAH1R5MR0L,https://www.digikey.es/en/products/detail/murata-electronics/DFE32CAH1R5MR0L/16892635,,,,,DFE32CAH_R0,Wirewound,1.5 µH,±20%,3.5 A,4.8A,30mOhm Max,,,1210,"0.079"" (2.00mm)",Metal,Shielded,-55°C ~ 150°C,Activo,,https://pim.murata.com/asset/pim4/inductor/JETE243A-9108_PDF_INDUCTOR,AMR,06/09/2026,,,1,,0.86,,,,,,
IPN_L-????,L0806_680nH_3.5A_±20%_33mOhm,FIXED IND 680NH 3.5A 33 MOHM SMD,680nH,Inductor:L,1,Inductors:L_0806_2016Metric,1,Murata Electronics,DFE201612E-R68M=P2,https://www.digikey.es/en/products/detail/murata-electronics/DFE201612E-R68M-P2/10693993,,,,,DFE18SBN,Wirewound,680 nH,±20%,3.5 A,4.3A,33mOhm Max,,,806,"0.047"" (1.20mm)",Metal,Shielded,-40°C ~ 125°C,Activo,,https://pim.murata.com/asset/pim4/inductor/J(E)TE243A-0006_PDF_INDUCTOR,AMR,06/09/2026,,,1,,0.21,,,,,,
IPN_L-????,L0806_330nH_4A_±20%_26mOhm,FIXED IND 330NH 4A 26 MOHM SMD,330nH,Inductor:L,1,Inductors:L_0806_2016Metric,1,Murata Electronics,DFE201610E-R33M=P2,https://www.digikey.es/en/products/detail/murata-electronics/DFE201610E-R33M-P2/7927535,,,,,DFE201610E,"Drum Core, Wirewound",330 nH,±20%,4 A,5.5A,26mOhm Max,,,806,"0.039"" (1.00mm)",Metal,Shielded,-40°C ~ 125°C,Activo,,https://pim.murata.com/asset/pim4/inductor/J(E)TE243A-0001_PDF_INDUCTOR,AMR,06/09/2026,,,1,,0.21,,,,,,
IPN_L-????,L1210_680nH_4.4A_±20%_26mOhm,FIXED IND 680NH 4.4A 26 MOHM SMD,680nH,Inductor:L,1,Inductors:L_1210_3225Metric,1,Murata Electronics,DFE322512F-R68M=P2,https://www.digikey.es/en/products/detail/murata-electronics/DFE322512F-R68M-P2/10704518,,,,,DFE18SBN,Wirewound,680 nH,±20%,4.4 A,6.1A,26mOhm Max,,,1210,"0.047"" (1.20mm)",Metal,Shielded,-40°C ~ 125°C,Activo,,https://pim.murata.com/asset/pim4/inductor/J(E)TE243A-0019_PDF_INDUCTOR,AMR,06/09/2026,,,1,,0.39,,,,,,
IPN_L-????,L1008_680nH_3.6A_±20%_31mOhm,FIXED IND 680NH 3.6A 31 MOHM SMD,680nH,Inductor:L,1,Inductors:L_1008_2520Metric,1,Murata Electronics,DFE2HCAHR68MJ0L,https://www.digikey.es/en/products/detail/murata-electronics/DFE2HCAHR68MJ0L/10135185,,,,,DFE2H,"Drum Core, Wirewound",680 nH,±20%,3.6 A,4.4A,31mOhm Max,,,1008,"0.047"" (1.20mm)",Metal,Shielded,-40°C ~ 150°C,Activo,,https://pim.murata.com/asset/pim4/inductor/JETE243A-9105_PDF_INDUCTOR,AMR,06/09/2026,,,1,,0.49,,,,,,
IPN_L-????,L0806_330nH_3.9A_±20%_29mOhm,FIXED IND 330NH 3.9A 29 MOHM SMD,330nH,Inductor:L,1,Inductors:L_0806_2016Metric,1,Murata Electronics,DFE2MCAHR33MJ0L,https://www.digikey.es/en/products/detail/murata-electronics/DFE2MCAHR33MJ0L/10135191,,,,,DFE2M,"Drum Core, Wirewound",330 nH,±20%,3.9 A,4.2A,29mOhm Max,,,806,"0.047"" (1.20mm)",Metal,Shielded,-40°C ~ 150°C,Activo,,,AMR,06/09/2026,,,1,,0.46,,,,,,
IPN_L-????,L1210_6.8uH_1.8A_±20%_135mOhm,FIXED INDUCTOR 6.8UH 1210,6.8uH,Inductor:L,1,Inductors:L_1210_3225Metric,1,Murata Electronics,DFE32CAH6R8MR0L,https://www.digikey.es/en/products/detail/murata-electronics/DFE32CAH6R8MR0L/28738925,,,,,DFE32CAH_R0,Wirewound,6.8 µH,±20%,1.8 A,2.2A,135mOhm Max,,,1210,"0.079"" (2.00mm)",Metal,Unshielded,-55°C ~ 150°C,Activo,,https://pim.murata.com/asset/pim4/inductor/JETE243A-9108_PDF_INDUCTOR?lastModifiedDatetime=20251113142359,AMR,06/09/2026,,,1,,0.86,,,,,,
IPN_L-????,L0805_330nH_3.4A_±20%_31mOhm,FIXED IND 330NH 3.4A 31 MOHM SMD,330nH,Inductor:L,1,Inductors:L_0805_2012Metric,1,Murata Electronics,DFE201210U-R33M=P2,https://www.digikey.es/en/products/detail/murata-electronics/DFE201210U-R33M-P2/7927529,,,,,DFE201210U,"Drum Core, Wirewound",330 nH,±20%,3.4 A,5.2A,31mOhm Max,,,805,"0.039"" (1.00mm)",Metal,Shielded,-40°C ~ 125°C,Activo,,https://pim.murata.com/asset/pim4/inductor/J(E)TE243A-0029_PDF_INDUCTOR,AMR,06/09/2026,,,1,,0.25,,,,,,
IPN_L-????,L1210_6.8uH_1.2A_±20%_220mOhm,FIXED IND 6.8UH 1.2A 220 MOHM,6.8uH,Inductor:L,1,Inductors:L_1210_3225Metric,1,Murata Electronics,DFE322512F-6R8M=P2,https://www.digikey.es/en/products/detail/murata-electronics/DFE322512F-6R8M-P2/9815917,,,,,DFE322512F,"Drum Core, Wirewound",6.8 µH,±20%,1.2 A,2A,220mOhm Max,,,1210,"0.047"" (1.20mm)",Metal,Shielded,-40°C ~ 125°C,Activo,,https://pim.murata.com/asset/pim4/inductor/J(E)TE243A-0019_PDF_INDUCTOR,AMR,06/09/2026,,,1,,0.39,,,,,,
